{"cameraMode":{"drawMode":0,"name":"Shaded","section":"Shading Mode"},"sceneLighting":true,"audioPlay":false,"sceneViewState":{"m_AlwaysRefresh":false,"showFog":true,"showSkybox":true,"showFlares":true,"showImageEffects":true,"showParticleSystems":true,"showVisualEffectGraphs":true,"m_FxEnabled":true},"in2DMode":false,"pivot":{"x":-0.15519653260707856,"y":1.5355671644210816,"z":0.19196829199790955},"rotation":{"x":0.1013704314827919,"y":0.4752923548221588,"z":-0.05537226051092148,"w":0.8717970848083496},"size":1.0544188022613526,"orthographic":false}